gmfTag	group	isoFieldId
PymtType	-	3.1.1
ReversalInd	-	3.1.2
TxnType	-	3.1.3
LocalDateTime	-	3.1.4
TrnmsnDateTime	-	3.1.5
STAN	-	3.1.6
RefNum	-	3.1.7
OrderNum	-	3.1.8
TPPID	-	3.1.9
TermID	-	3.1.10
MerchID	-	3.1.11
AltMerchID	-	3.1.12
MerchCatCode	-	3.1.13
POSEntryMode	-	3.1.14
POSCondCode	-	3.1.15
TermCatCode	-	3.1.16
TermEntryCapablt	-	3.1.17
TxnAmt	-	3.1.18
TxnCrncy	-	3.1.19
TermLocInd	-	3.1.20
CardCaptCap	-	3.1.21
ProgramID	-	3.1.22
GroupID	-	3.1.23
POSID	-	3.1.24
SettleInd	-	3.1.25
ClerkID	-	3.1.26
SupID	-	3.1.27
SENum	-	3.1.28
PLPOSDebitFlg	-	3.1.29
UPC	-	3.1.30
NetAccInd	-	3.1.31
MerchEcho	-	3.1.32
WltID	-	3.1.33
NonUSMerch	-	3.1.34
DevBatchID	-	3.1.35
DigWltInd	-	3.1.36
DigWltProgType	-	3.1.37
TranInit	-	3.1.38
PymntSvc	-	3.1.39
MerchCustom1	-	3.1.40
RefundType	-	3.1.41
CustomerId	-	3.1.42
RtFallbackInd	-	3.1.43
DfrdAuthInd	-	3.1.44
SSC	-	3.1.45
SingleTapInd	-	3.1.46
DupATCInd	-	3.1.47
BusPymtType	-	3.1.48
TermClassCode	-	3.1.49
MerchCtryOfOrigin	-	3.1.50
UUID	-	3.1.51
PlanRegSysId	-	3.1.52
AgreementID	-	3.1.53
DelChargeInd	-	3.1.54
NoShowInd	-	3.1.55
RateTableID	-	3.1.56
XchgRate	-	3.1.57
PrstFXEligInd	-	3.1.58
CnvDate	-	3.1.59
IssuerTraceData	-	3.1.60
MerchPymtGtwyID	-	3.1.61
DigComProgType	-	3.1.62
DigComChkInEntTypeNm	-	3.1.63
DigComChkInMthd	-	3.1.64
AltNetTranID	-	3.1.65
EnablerVerVal	-	3.1.66
AcctTypeID	-	3.1.67
DigComDomainID	-	3.1.68
MCRInd	-	3.1.69
TxnLinkID	-	3.1.70
ExtdAuthInd	-	3.1.71
AcctNum	-	3.2.1
CardExpiryDate	-	3.2.2
CardType	-	3.2.3
AVSResultCode	-	3.2.4
CCVInd	-	3.2.5
CCVData	-	3.2.6
CCVResultCode	-	3.2.7
MVVMAID	-	3.2.8
InfoReqInd	-	3.2.9
FndAcctNum	-	3.2.10
PymtAcctRefReqInd	-	3.2.11
PymtAcctRef	-	3.2.12
ALMSvcCode	-	3.2.13
ALMProdCode	-	3.2.14
ALMProdClass	-	3.2.15
ALMRateType	-	3.2.16
AddAmt	-	3.3.1
AddAmtCrncy	-	3.3.2
AddAmtType	-	3.3.3
AddAmtAcctType	-	3.3.4
PartAuthrztnApprvlCapablt	-	3.3.5
BalRetCapablt	-	3.3.6
MerchName	-	4.1.1
MerchAddr	-	4.1.2
MerchCity	-	4.1.3
MerchState	-	4.1.4
MerchCnty	-	4.1.5
MerchPostalCode	-	4.1.6
MerchCtry	-	4.1.7
MerchEmail	-	4.1.8
MerchSvcLocCity	-	4.1.9
MerchSvcLocState	-	4.1.10
MerchSvcLocPostalCode	-	4.1.11
MerchSvcLocCtry	-	4.1.12
IntegratorID	-	5.1.1
MerchCustom2	-	5.1.2
MerchCustom3	-	5.1.3
MerchCustom4	-	5.1.4
MerchCustom5	-	5.1.5
RespCode	-	6.1.1
AuthID	-	6.1.2
ResponseDate	-	6.1.3
AddtlRespData	-	6.1.4
SttlmDate	-	6.1.5
AthNtwkID	-	6.1.6
AthNtwkNm	-	6.1.7
RtInd	-	6.1.8
SigInd	-	6.1.9
ErrorData	-	6.1.10
DebitTraceNum	-	6.1.11
SettlementTxnType	-	6.1.12
AssocRespCode	-	6.1.13
CategoryCode	-	6.1.14
ApprProbabInd	-	6.1.15
ReasonCode	-	6.1.16
MaxProcDate	-	6.1.17
IssBank	-	7.1.1
IssCtryCode	-	7.1.2
CardBrnd	-	7.1.3
CardInd	-	7.1.4
DetProdID	-	7.1.5
OrigAuthID	-	8.1.1
OrigResponseDate	-	8.1.2
OrigLocalDateTime	-	8.1.3
OrigTranDateTime	-	8.1.4
OrigSTAN	-	8.1.5
OrigRespCode	-	8.1.6
OrigAthNtwkID	-	8.1.7
OrigDebitTraceNum	-	8.1.8
Track2Data	-	8.1.9
SctyLvl	-	11.1.1
TknType	-	11.1.2
Tkn	-	11.1.3
TAExpDate	-	11.1.4
AcctUpdTkn	-	11.1.5
EncrptType	-	12.1.1
EncrptTrgt	-	12.1.2
KeyID	-	12.1.3
TknUpdFirstUseInd	-	12.1.4
EMVData	-	14.1.1
CardSeqNum	-	14.1.2
XCodeResp	-	14.1.3
ServCode	-	14.1.4
FinAmtInd	-	14.1.5
ACI	-	15.1.1
MrktSpecificDataInd	-	15.1.2
CardLevelResult	-	15.1.3
SourceReasonCode	-	15.1.4
TransID	-	15.1.5
VisaBID	-	15.1.6
VisaAUAR	-	15.1.7
TaxAmtCapablt	-	15.1.8
SpendQInd	-	15.1.9
CheckoutInd	-	15.1.10
QCI	-	15.1.11
VisaAuthInd	-	15.1.12
StoredCredInd	-	15.1.13
CofSchedInd	-	15.1.14
CryptoCrncyPurchInd	-	15.1.15
ProgDgReasonCode	-	15.1.16
AcctFundingSrc	-	15.1.17
AppProdPlatCode	-	15.1.18
AppCHIDMethod	-	15.1.19
BanknetData	-	16.1.1
MCMSDI	-	16.1.2
CCVErrorCode	-	16.1.3
POSEntryModeChg	-	16.1.4
TranEditErrCode	-	16.1.5
MCPOSData	-	16.1.6
DevTypeInd	-	16.1.7
MCACI	-	16.1.8
MCAddData	-	16.1.9
FinAuthInd	-	16.1.10
TranIntgClass	-	16.1.11
MCAuthInd	-	16.1.12
StoredCredenInd	-	16.1.13
CrypCrncyPurchInd	-	16.1.14
HighRiskSecrPurchInd	-	16.1.15
CofSchdInd	-	16.1.16
CITMITFrameInd	-	16.1.17
DiscProcCode	-	17.1.1
DiscPOSEntry	-	17.1.2
DiscRespCode	-	17.1.3
DiscPOSData	-	17.1.4
DiscTransQualifier	-	17.1.5
DiscCryptoCrncyInd	-	17.1.6
AmExPOSData	-	18.1.1
AmExTranID	-	18.1.2
GdSoldCd	-	18.1.3
ReAuthInd	-	18.1.4
AmexAuthInd	-	18.1.5
StoredCrdInd	-	18.1.6
AmexACI	-	18.1.7
SpdPssID	-	19.1.1
DSTChlngInpt	-	19.1.2
DSTChlngRsp	-	19.1.3
LgValPrd	-	19.1.4
ActAcctNum	-	19.1.5
ActExpiryDate	-	19.1.6
TaxAmt	-	20.1.1
TaxInd	-	20.1.2
VATTaxAmt	-	20.1.3
VATTaxRt	-	20.1.4
PurchIdfr	-	20.1.5
PCOrderNum	-	20.1.6
DiscntAmt	-	20.1.7
FrghtAmt	-	20.1.8
DutyAmt	-	20.1.9
DestPostalCode	-	20.1.10
ShipFromPostalCode	-	20.1.11
DestCtryCode	-	20.1.12
MerchTaxID	-	20.1.13
ProdDesc	-	20.1.14
ComCardType	-	20.1.15
OrderDate	-	20.2.1
OrderDate	-	21.1.1
OrderTime	-	21.1.2
BillerRefNum	-	21.1.3
SKU	-	21.1.4
ShipToFirstNm	-	22.1.1
ShipToLastNm	-	22.1.2
ShipToAddr1	-	22.1.3
ShipToAddr2	-	22.1.4
ShipToCity	-	22.1.5
ShipToState	-	22.1.6
ShipToCtry	-	22.1.7
ShipToPostalCode	-	22.1.8
ShipToTelNum	-	22.1.9
ShipToTelType	-	22.1.10
DelivType	-	22.1.11
ShippingCarrier	-	22.1.12
ShippingMthd	-	22.1.13
L3ItemSeqNum	-	23.1.1
L3ItemCode	-	23.1.2
L3ItemDesc	-	23.1.3
L3Qty	-	23.1.4
L3ItemQtyExp	-	23.1.5
L3UnitOfMsure	-	23.1.6
L3UnitCost	-	23.1.7
L3UnitCostExp	-	23.1.8
L3ItemTot


Purchase Card Level 3                                                                                             23-7	-	23.1.9
L3TaxRt	-	23.1.10
L3ProdCode	-	23.1.13
L3ExtItemAmt	-	23.1.14
L3TaxInd	-	23.1.15
L3TaxRate	-	23.1.16
L3TaxRtExp	-	23.1.17
L3NatTax	-	23.1.18
L3NatTaxRt	-	23.1.19
L3MerchVATReg	-	23.1.20
L3OtherTaxAmt	-	23.1.21
L3TaxTypeApp	-	23.1.22
L3TaxAmount	-	23.1.23
L3DbCrInd	-	23.1.24
L3LineItmDtlInd	-	23.1.25
L3SumComCd	-	23.1.26
L3ProdDesc	-	23.1.27
L3TaxTypeId	-	23.1.28
CustSvcPhoneNumber	-	24.1.1
EcommURL	-	24.1.3
MCSN	-	24.1.4
MCSC	-	24.1.5
MOTOIndicator	-	24.1.6
VisaXID	-	24.2.1
VisaSecrTxnAD	-	24.2.2
CAVVResultCode	-	24.2.3
AmexXID	-	24.2.4
AmexSecrAD	-	24.2.5
Safekey	-	24.2.6
UCAFCollectInd	-	24.2.7
MCSecrAD	-	24.2.8
DiscAuthType	-	24.2.9
DiscSecData	-	24.2.10
SecDataDowngrade	-	24.2.11
TknAVD	-	24.2.12
TAVVResultCode	-	24.2.13
ProgramProtocol	-	24.2.14
DirServerTransID	-	24.2.15
LowValExInd	-	24.2.16
TranRiskAnaExInd	-	24.2.17
TrustMerchExInd	-	24.2.18
SecrCorpExInd	-	24.2.19
DelegAuthInd	-	24.2.20
MerchantAuthentID	-	24.2.21
RecPayExInd	-	24.2.22
ExReasonCode	-	24.2.23
RmtCommAcptrId	-	24.2.24
AuthOutExInd	-	24.2.25
UnionPaySecData	-	24.2.26
DAFInd	-	24.2.27
SecrXID	-	24.2.28
SecrTxnAD	-	24.2.29
AuthenDataQltInd	-	24.2.30
AVSBillingAddr	-	25.1.1
AVSBillingPostalCode	-	25.1.2
CHFirstNm	-	25.1.3
CHLastNm	-	25.1.4
CHFullNmRes	-	25.1.5
CustEmailAddr	-	25.1.6
CustTelNum	-	25.1.7
CHMidNm	-	25.1.8
FullNmAcctMtchDec	-	25.1.9
LastNmAcctMtchDec	-	25.1.10
MidNmAcctMtchDec	-	25.1.11
FirstNmAcctMtchDec	-	25.1.12
CHPhNumRes	-	25.1.13
CHEmailAddrRes	-	25.1.14
CustomerName	-	25.1.15
CustInfoEnhdRes	-	25.1.16
EschtblTxn	-	26.1.1
CardClass	-	26.1.2
CardCost	-	26.1.3
PostDate	-	26.1.4
SATranSeq	-	27.1.1
SACondCode	-	27.1.2
SAEntryMode	-	27.1.3
SASysTrace	-	27.1.4
SAACI	-	27.1.5
SAMrktSpecificDataInd	-	27.1.7
CardActivDate	-	28.1.1
HoldInfo	-	28.1.2
PayeePhoneNum	-	29.1.1
PayeeAcctNum	-	29.1.2
PayeeID	-	29.1.3
BillingInd	-	29.1.4
CITMITFrmInd	-	29.1.5
EBTType	-	30.1.1
MerchFNSNum	-	31.1.1
EBTCardSeqNum	-	31.1.2
VoucherNum	-	32.1.1
EBenExDt	-	33.1.1
PBCatCd	-	33.2.1
OrigQty	-	33.2.2
PINData	-	34.1.1
EnhKeyChkDig	-	34.1.2
MICR	-	35.1.1
DrvLic	-	35.1.2
StateCode	-	35.1.3
DLDateOfBirth	-	35.1.4
ChkSvcPvdr	-	35.1.5
ChkEntryMethod	-	35.1.6
ChkType	-	36.1.1
ECAProdCd	-	36.1.2
DnlRecNum	-	36.1.3
ECAPhnNum	-	36.1.4
ECATrcID	-	36.1.5
ECABCN	-	36.1.6
RespChkNum	-	36.1.7
RetChkFee	-	36.1.8
RetChkNote	-	36.1.9
ECAStatus	-	36.1.10
TotReqDate	-	37.1.1
Password	-	37.1.2
NetSettleAmt	-	37.1.3
FeeAmt	-	37.1.4
HTSettleDate	-	37.1.5
CardTag	-	37.2.1
SumPymtTypeTag	-	37.2.2
ServLvl	-	38.1.1
NumOfProds	-	38.1.2
NACSProdCode	-	38.2.1
UnitOfMsure	-	38.2.2
Qnty	-	38.2.3
UnitPrice	-	38.2.4
ProdAmt	-	38.2.5
Odo	-	39.1.1
VehNum	-	39.1.2
JobNum	-	39.1.3
DrvNum	-	39.1.4
FltEmpNum	-	39.1.5
LicNum	-	39.1.6
JobID	-	39.1.7
DeptNum	-	39.1.8
CustData	-	39.1.9
UserID	-	39.1.10
VehIDNum	-	39.1.11
ServResCd	-	39.1.12
TrailerID	-	39.1.13
ReeferHr	-	39.1.14
ExtDrvID	-	39.1.15
UnitID	-	39.1.16
DrvLicState	-	39.1.17
VehLicState	-	39.1.18
TrailerLic	-	39.1.19
TrailerLicState	-	39.1.20
FleetID	-	39.1.21
PurchaseOrder	-	39.1.22
MaintenanceID	-	39.1.23
Hubometer	-	39.1.24
TripNumber	-	39.1.25
VoyagerData	-	39.1.26
AvailProdsInd	-	39.1.27
AvailProdFleetInfo	-	39.1.28
PurchResFlag	-	39.1.29
EnhdFltPromptFormat	-	39.1.30